name,src,ref,server,version,luaversion,maintainers
alt-getopt,,,,,,arobyn
bit32,,,,5.3.0-1,lua5_1,lblasc
argparse,https://github.com/luarocks/argparse.git,,,,,
basexx,https://github.com/teto/basexx.git,,,,,
binaryheap,https://github.com/Tieske/binaryheap.lua,,,,,vcunat
busted,,,,,,
cassowary,,,,,,marsam alerque
compat53,,,,0.7-1,,vcunat
cosmo,,,,,,marsam
coxpcall,,,,1.17.0-1,,
cqueues,,,,,,vcunat
cyrussasl,https://github.com/JorjBauer/lua-cyrussasl.git,,,,,
digestif,https://github.com/astoff/digestif.git,,,0.2-1,lua5_3,
dkjson,,,,,,
fifo,,,,,,
gitsigns.nvim,https://github.com/lewis6991/gitsigns.nvim.git,,,,lua5_1,
http,,,,0.3-0,,vcunat
inspect,,,,,,
ldbus,,,http://luarocks.org/dev,,,
ldoc,https://github.com/stevedonovan/LDoc.git,,,,,
lgi,,,,,,
linenoise,https://github.com/hoelzro/lua-linenoise.git,,,,,
ljsyscall,,,,,lua5_1,lblasc
lpeg,,,,,,vyp
lpeg_patterns,,,,,,
lpeglabel,,,,,,
lpty,,,,,,
lrexlib-gnu,,,,,,
lrexlib-pcre,,,,,,vyp
lrexlib-posix,,,,,,
lua-cjson,,,,,,
lua-cmsgpack,,,,,,
lua-iconv,,,,,,
lua-lsp,,,,,,
lua-messagepack,,,,,,
lua-resty-http,,,,,,
lua-resty-jwt,,,,,,
lua-resty-openidc,,,,,,
lua-resty-openssl,,,,,,
lua-resty-session,,,,,,
lua-term,,,,,,
lua-toml,,,,,,
lua-zlib,,,,,,koral
lua_cliargs,https://github.com/amireh/lua_cliargs.git,,,,,
luabitop,https://github.com/teto/luabitop.git,,,,,
luacheck,,,,,,
luacov,,,,,,
luadbi,,,,,,
luadbi-mysql,,,,,,
luadbi-postgresql,,,,,,
luadbi-sqlite3,,,,,,
luaepnf,,,,,,
luaevent,,,,,,
luaexpat,,,,1.3.0-1,,arobyn flosse
luaffi,,,http://luarocks.org/dev,,,
luafilesystem,,,,1.7.0-2,,flosse
lualogging,,,,,,
luaossl,,,,,lua5_1,
luaposix,,,,34.1.1-1,,vyp lblasc
luarepl,,,,,,
luasec,,,,,,flosse
luasocket,,,,,,
luasql-sqlite3,,,,,,vyp
luassert,,,,,,
luasystem,,,,,,
luautf8,,,,,,pstn
luazip,,,,,,
lua-yajl,,,,,,pstn
luuid,,,,,,
luv,,,,1.42.0-0,,
lyaml,,,,,,lblasc
markdown,,,,,,
mediator_lua,,,,,,
mpack,,,,,,
moonscript,,,,,,arobyn
nvim-client,https://github.com/neovim/lua-client.git,,,,,
penlight,https://github.com/lunarmodules/Penlight.git,,,,,alerque
plenary.nvim,https://github.com/nvim-lua/plenary.nvim.git,,,,lua5_1,
rapidjson,https://github.com/xpol/lua-rapidjson.git,,,,,
readline,,,,,,
say,https://github.com/Olivine-Labs/say.git,,,,,
std._debug,https://github.com/lua-stdlib/_debug.git,,,,,
std.normalize,git://github.com/lua-stdlib/normalize.git,,,,,
stdlib,,,,41.2.2,,vyp
vstruct,https://github.com/ToxicFrog/vstruct.git,,,,,
