<appendix xmlns="http://docbook.org/ns/docbook"
          xmlns:xlink="http://www.w3.org/1999/xlink"
          xmlns:xi="http://www.w3.org/2001/XInclude"
          version="5.0"
          xml:id="ch-release-notes">
 <title>Release Notes</title>
 <para>
  This section lists the release notes for each stable version of NixOS and
  current unstable revision.
 </para>
 <xi:include href="../from_md/release-notes/rl-2111.section.xml" />
 <xi:include href="../from_md/release-notes/rl-2105.section.xml" />
 <xi:include href="../from_md/release-notes/rl-2009.section.xml" />
 <xi:include href="../from_md/release-notes/rl-2003.section.xml" />
 <xi:include href="../from_md/release-notes/rl-1909.section.xml" />
 <xi:include href="../from_md/release-notes/rl-1903.section.xml" />
 <xi:include href="../from_md/release-notes/rl-1809.section.xml" />
 <xi:include href="../from_md/release-notes/rl-1803.section.xml" />
 <xi:include href="../from_md/release-notes/rl-1709.section.xml" />
 <xi:include href="../from_md/release-notes/rl-1703.section.xml" />
 <xi:include href="../from_md/release-notes/rl-1609.section.xml" />
 <xi:include href="../from_md/release-notes/rl-1603.section.xml" />
 <xi:include href="../from_md/release-notes/rl-1509.section.xml" />
 <xi:include href="../from_md/release-notes/rl-1412.section.xml" />
 <xi:include href="../from_md/release-notes/rl-1404.section.xml" />
 <xi:include href="../from_md/release-notes/rl-1310.section.xml" />
</appendix>
