<part xmlns="http://docbook.org/ns/docbook"
      xmlns:xlink="http://www.w3.org/1999/xlink"
      xmlns:xi="http://www.w3.org/2001/XInclude"
      version="5.0"
      xml:id="ch-running">
 <title>Administration</title>
 <partintro xml:id="ch-running-intro">
  <para>
   This chapter describes various aspects of managing a running NixOS system,
   such as how to use the <command>systemd</command> service manager.
  </para>
 </partintro>
 <xi:include href="../from_md/administration/service-mgmt.chapter.xml" />
 <xi:include href="../from_md/administration/rebooting.chapter.xml" />
 <xi:include href="../from_md/administration/user-sessions.chapter.xml" />
 <xi:include href="../from_md/administration/control-groups.chapter.xml" />
 <xi:include href="../from_md/administration/logging.chapter.xml" />
 <xi:include href="../from_md/administration/cleaning-store.chapter.xml" />
 <xi:include href="../from_md/administration/containers.chapter.xml" />
 <xi:include href="../from_md/administration/troubleshooting.chapter.xml" />
</part>
