<chapter xmlns="http://docbook.org/ns/docbook"  xmlns:xlink="http://www.w3.org/1999/xlink" xmlns:xi="http://www.w3.org/2001/XInclude" xml:id="ch-troubleshooting">
  <title>Troubleshooting</title>
  <para>
    This chapter describes solutions to common problems you might
    encounter when you manage your NixOS system.
  </para>
  <xi:include href="boot-problems.section.xml" />
  <xi:include href="maintenance-mode.section.xml" />
  <xi:include href="rollback.section.xml" />
  <xi:include href="store-corruption.section.xml" />
  <xi:include href="network-problems.section.xml" />
</chapter>
