<section xmlns="http://docbook.org/ns/docbook" xmlns:xlink="http://www.w3.org/1999/xlink" xml:id="sec-profile-minimal">
  <title>Minimal</title>
  <para>
    This profile defines a small NixOS configuration. It does not
    contain any graphical stuff. It’s a very short file that enables
    <link linkend="opt-environment.noXlibs">noXlibs</link>, sets
    <xref linkend="opt-i18n.supportedLocales" /> to only support the
    user-selected locale,
    <link linkend="opt-documentation.enable">disables packages’
    documentation</link>, and <link linkend="opt-sound.enable">disables
    sound</link>.
  </para>
</section>
