<chapter xmlns="http://docbook.org/ns/docbook"
         xmlns:xi="http://www.w3.org/2001/XInclude"
         xml:id="chap-language-support">
 <title>Languages and frameworks</title>
 <para>
  The <link linkend="chap-stdenv">standard build environment</link> makes it easy to build typical Autotools-based packages with very little code. Any other kind of package can be accomodated by overriding the appropriate phases of <literal>stdenv</literal>. However, there are specialised functions in Nixpkgs to easily build packages for other programming languages, such as Perl or Haskell. These are described in this chapter.
 </para>
 <xi:include href="agda.section.xml" />
 <xi:include href="android.section.xml" />
 <xi:include href="beam.section.xml" />
 <xi:include href="bower.section.xml" />
 <xi:include href="coq.section.xml" />
 <xi:include href="crystal.section.xml" />
 <xi:include href="dhall.section.xml" />
 <xi:include href="emscripten.section.xml" />
 <xi:include href="gnome.section.xml" />
 <xi:include href="go.section.xml" />
 <xi:include href="haskell.section.xml" />
 <xi:include href="hy.section.xml" />
 <xi:include href="idris.section.xml" />
 <xi:include href="ios.section.xml" />
 <xi:include href="java.section.xml" />
 <xi:include href="javascript.section.xml" />
 <xi:include href="lua.section.xml" />
 <xi:include href="maven.section.xml" />
 <xi:include href="nim.section.xml" />
 <xi:include href="ocaml.section.xml" />
 <xi:include href="octave.section.xml" />
 <xi:include href="perl.section.xml" />
 <xi:include href="php.section.xml" />
 <xi:include href="python.section.xml" />
 <xi:include href="qt.section.xml" />
 <xi:include href="r.section.xml" />
 <xi:include href="ruby.section.xml" />
 <xi:include href="rust.section.xml" />
 <xi:include href="texlive.section.xml" />
 <xi:include href="titanium.section.xml" />
 <xi:include href="vim.section.xml" />
</chapter>
