<chapter xmlns="http://docbook.org/ns/docbook"  xmlns:xlink="http://www.w3.org/1999/xlink" xmlns:xi="http://www.w3.org/2001/XInclude" xml:id="sec-networking">
  <title>Networking</title>
  <para>
    This section describes how to configure networking components on
    your NixOS machine.
  </para>
  <xi:include href="network-manager.section.xml" />
  <xi:include href="ssh.section.xml" />
  <xi:include href="ipv4-config.section.xml" />
  <xi:include href="ipv6-config.section.xml" />
  <xi:include href="firewall.section.xml" />
  <xi:include href="wireless.section.xml" />
  <xi:include href="ad-hoc-network-config.section.xml" />
  <xi:include href="renaming-interfaces.section.xml" />
</chapter>
